Gloomhaven,Мрачная Гавань
Twilight Imperium: Fourth Edition,Сумерки Империи: Четвертое издание
Through the Ages: A New Story of Civilization,Сквозь века: новая история цивилизации
Brass: Birmingham,Брасс: Бирмингем
Scythe,Серп
Great Western Trail,Великая Западная тропа
Gaia Project,Проект Гайя
Pandemic Legacy: Season 1,Наследие пандемии: 1 сезон
Terraforming Mars,Терраформирование Марса
Mage Knight Board Game,Настольная игра маг-рыцарь
Spirit Island,Остров духов
Dominant Species,Доминантные виды
A Feast for Odin,Во Славу Одина
Lisboa,Лиссабон
Arkham Horror: The Card Game,Ужас Аркхэма: Карточная игра
Root,Корни
The Crew: Mission Deep Sea,Экипаж: Миссия в глубоком море
Eclipse: Second Dawn for the Galaxy,Затмение: Второй рассвет галактики
Underwater Cities,Подводные города
Dune: Imperium,Дюна: Империум
Twilight Struggle,Сумеречная борьба
Viticulture: Essential Edition,Виноградарство: Основное издание
Anachrony,Анахронность
The Gallerist,Галерист
Dominion,Доминион
Concordia,Конкордия
Architects of the West Kingdom,Архитекторы Западного Королевства
7 Wonders Duel,7 чудес: дуэль
Brass: Lancashire,Брасс: Ланкашир
Mombasa,Момбаса
Through the Ages: A Story of Civilization,Сквозь века: история цивилизации
Agricola,Агрикола
Orléans,Орлеан
Champions of Midgard,Чемпионы Мидгарда
Tzolk'in: The Mayan Calendar,Цзолк'ин: Календарь майя
The Voyages of Marco Polo,Путешествия Марко Поло
Puerto Rico,Пуэрто-Рико
Grand Austria Hotel,Отель Гранд Австрия
Star Wars: Rebellion,Звездные войны: Восстание
Five Tribes,Пять племен
Eldritch Horror,Древний ужас
Blood Rage,Кровавая ярость
On Mars,На Марсе
The 7th Continent,7-й континент
Le Havre,Le Havre
Everdell,Эверделл
Clans of Caledonia,Кланы Каледонии
Paladins of the West Kingdom,Паладины Западного Королевства
Pax Pamir (Second Edition),Пакс Памир (Второе издание)
Great Zimbabwe,Великий Зимбабве
Troyes,Труа
Praga Caput Regni,Прага Капут Регни
Caverna: The Cave Farmers,Каверна: Пещерные фермеры
Keyflower,Ключевой цветок
Aeon's End,Конец Эона
Ora et Labora,Ора и Лабора
Teotihuacan: City of Gods,Теотиуакан: Город богов
Middara,Миддара
Anno 1800,Анно 1800
Under Falling Skies,Под падающим небом
Maracaibo,Маракайбо
Brass: Lancashire,Брасс: Ланкашир
Twice as Clever,Дважды умнее
Pipeline,Трубопровод
Hansa Teutonica,Ганза Тевтоника
Kingdom Death: Monster,Королевство Смерти: Монстр
Dwellings of Eldervale,Жилища Элдервейла
The Isle of Cats,Остров кошек
Viscounts of the West Kingdom,Виконты Западного королевства
Lost Ruins of Arnak,Затерянные руины Арнака
The Quacks of Quedlinburg,Кведлинбургские шарлатаны
The Castles of Burgundy,Замки Бургундии
Aeon's End: Legacy,Конец Эона: Наследие
Mage Knight: Ultimate Edition,Рыцарь-маг: Ultimate Edition
Eclipse,Затмение
Nemesis,Немезида
Lisboa,Лиссабон
The Gallerist,Галерист
Middara,Миддара